{
  "project_info": {
    "project_number": "279082721393",
    "project_id": "proyecto-uom-rio-grande",
    "storage_bucket": "proyecto-uom-rio-grande.appspot.com"
  },
  "client": [
    {
      "client_info": {
        "mobilesdk_app_id": "1:279082721393:android:ecd45d4a780ced07933bd0",
        "android_client_info": {
          "package_name": "com.beneficios.beneficiosuom"
        }
      },
      "oauth_client": [
        {
          "client_id": "279082721393-87fiqnmuclg31eud3t6tft3lgllr3ar2.apps.googleusercontent.com",
          "client_type": 3
        }
      ],
      "api_key": [
        {
          "current_key": "AIzaSyCnsErbd4loT3W4o7pZDsKHqWV_hFotWVk"
        }
      ],
      "services": {
        "appinvite_service": {
          "other_platform_oauth_client": [
            {
              "client_id": "279082721393-87fiqnmuclg31eud3t6tft3lgllr3ar2.apps.googleusercontent.com",
              "client_type": 3
            }
          ]
        }
      }
    }
  ],
  "configuration_version": "1"
}